{
  "signUpPage": {
    "title": "Регистрация",
    "ackauntredy": "Уже есть аккаунт?",
    "signin": "Войти",
    "input": {
      "inviter": "Логин вашего наставника",
      "lastname": "полное имя",
      "phone": "Телефон",
      "email": "Емаил",
      "password": "пароль"
    },
    "inviter": {
      "title": "Ваш наставник"
    }
  },
  "signInPage": {
    "title": "Войти",
    "ackauntredy": "Нет аккаунта?",
    "signin": "Регистрация",
    "input": {
      "phone": "Телефон",
      "password": "пароль"
    }
  },
  "otp": {
    "otp": "Enter the OTP Code",
    "otptitle": "Congratulations, you have successfully created a universal password for quick login to the application",
    "otps": "Enter the OTP Code",
    "text": "мы отправили смс с кодом на номер",
    "error": "Неверный код"
  },
  "pin": {
    "pin": "Установите PIN CODE",
    "pintitle": "Congratulations, you have successfully created a universal password for quick login to the application",
    "otps": "Enter the OTP Code",
    "text": "Код безопасности используется для проверки каждой транзакции, чтобы быть более безопасным",
    "error": "Неверный код"
  },
  "homescreen": {
    "userInfo": {
      "balance": " Баланс:",
      "nexst": "Ваше продвижение в системе",
      "tarifs": "Тарифы:",
      "countUsers": "К-во участников:"
    },
    "buttons": {
      "join": "присоеденится",
      "Referral": " Ваши Рефералы",
      "active": "Ваша очередь:"
    }
  },
  "PayDesk": {
    "tarif1": {
      "input": "Вход",
      "output": "Выход",
      "members": "Участники",
      "budget": "Бюджет"
    }
  },
  "referallscreen": {
    "reflink": "Ваш реферальный код",
    "All": "Все",
    "placeholder": "Укажите логин в настройках",
    "Referrals": "партнеры",
    "Quantity": "Количество",
    "Bonuses": "Бонусы",
    "levels": "уровень",
    "program": "Ознакомьтесь с правилами реферальной программы",
    "button": "Моя структура"
  },
  "mystructure": {
    "mystructure": "Моя Структура",
    "profile": "Профиль"
  },
  "StructureProfile": {
    "Login": "Логин",
    "registration": "Дата регистрации",
    "Sponsor": "Наставник",
    "Promotion":"Продвижение в системе",
    "tarifs": "Тарифы",
    "turn": "номер в очереди"
  },
  "profile": {
    "Login": "Логин",
    "email": "Емаил",
    "phone": "Телефон",
    "edit": "Редактировать",
    "username": "укажите логин в настройках",
    "Сheckout": "Очередь",
    "Date": "Дата",
    "DaysIn": "к-во дней",
    "YourTRX": "Ваши TRX",
    "errorAvatar": "размер файла не более 2 Мв"
  },
  "profileEdit": {
    "buttons": {
      "edit": "Редактировать",
      "Referral": "реферальный код",
      "items": "партнера"
    },
    "AppSetting": {
      "AppSetting": "Настройки приложения",
      "SecurityPin": "Установка пин кода",
      "Help": "Помощь",
      "TermCondition": "Условия использования",
      "PrivacyPolicy": "Политика конф-ности",
      "Contact": "Контакты",
      "LogOut": "Выход"
    },
    "editInfo": {
      "name": "Имя Фамилия",
      "email": "Емаил",
      "phone": "Телефон",
      "username": "Логин",
      "save": "Сохранить",
      "placeholder": "Установить логин"
    }
  },
  "SecurityPin": {
    "title": "Изминение ПИН КОДА",
    "text": "Защитный пин-код - это код, который помогает повысить безопасность вашего счета B-Wallet, так что каждая транзакция становится более безопасной",
    "pin": "изменить пин"
  },
  "help": {
    "headerTitle": "Вопрос/Ответ",
    "What": "Что такое Self-Help приложение?",
    "General": "Общая информация",
    "Request": "Пополнение",
    "TopUp": "Top Up",
    "Send": "Выплаты",
    "ClaimPromo": "Рекламация",
    "SecurityPin": "Защитный PIN",
    "Payment": "Оплата"
  },
  "ContactS": {
    "title": "Контакты",
    "Contact": "Контакты",
    "text": "Мы всегда готовы помочь вам с понедельника по пятницу с 09.00 утра до 05.00 вечера. Свяжитесь с нами по следующему контакту:"
  },
  "wallet": {
    "buttons": {
      "exchange": "Обмен",
      "send": "Вывод",
      "pyay": "Ввод"
    }
  },
  "exchange": {
    "title": "Обменный курс:",
    "For": "For",
    "Giveback": "Вы отдаете",
    "Retrieved": "Получаете",
    "fee": "комисия",
    "buttons": "Обмен",
    "all": "Итого",
    "input": "Сумма"
  }
}
